{
    "data": {
        "files": [
            "data/EUR_GBP/fx-spot_EUR_GBP_10min_201306.txt:fx-spot_EUR_GBP_10min_201306:02:20:21:28",
            "data/EUR_GBP/fx-spot_EUR_GBP_10min_201307.txt:fx-spot_EUR_GBP_10min_201307:0:20:21:30",
            "data/EUR_GBP/fx-spot_EUR_GBP_10min_201308.txt:fx-spot_EUR_GBP_10min_201308:0:20:21:29"
        ]
    },
    "algos": {
        "n_runs": 1
    },
    "individual": {
        "constraints": {
            "quantity": {"min": 0, "max": 1000},
            "b_start": {"min": 0.0, "max": 1.0},
            "b_end": {"min": 0.0, "max": 1.0},
            "b_price": {"min": 0.0, "max": 1.0},
            "threshold_weights": {"min": 0.0, "max": 1.0},
            "q_short": {"min": 0, "max": 100}
        }
    },
    "pso": {
        "base_results_file_path": "results/pso/pso/",
        "swarm_size": 2, 
        "v_max": 150.0,
        "w_inertia": 0.85,
        "w_memory": 0.45,
        "w_neigh": 0.05,
        "k": 5,
        "vel_conv_threshold": 0.5,
        "neighbourhood": 0,
        "max_iter": 7
    },
    "csfla": {
        "base_results_file_path": "results/csfla/csfla/",
        "n_frogs": 2,
        "n_sm_frogs": 2,
        "n_memeplex": 1,
        "max_generations": 3,
        "max_sub_generations": 40
    },
    "epso": {
        "base_results_file_path": "results/pso/pso/",
        "swarm_size": 50, 
        "v_max": 150.0,
        "w_inertia": 0.85,
        "w_memory": 0.45,
        "w_neigh": 0.05,
        "k": 5,
        "vel_conv_threshold": 0.00005,
        "neighbourhood": 0,
        "max_iter": 7
    },
    "ecsfla": {
        "base_results_file_path": "results/csfla/csfla/",
        "n_frogs": 200,
        "n_sm_frogs": 20,
        "n_memeplex": 40,
        "max_generations": 3,
        "max_sub_generations": 40
    },
    "ga": {
        "base_results_file_path": "results/ga/"
    }
}