{
    "pso reference": {
        "base_results_file_path": "results/pso/reference/",
        "swarm_size": 20, 
        "v_max": 100.0,
        "w_inertia": 0.55,
        "w_memory": 0.55,
        "w_neigh": 0.55,
        "k": 5,
        "vel_conv_threshold": 0.001,
        "neighbourhood": 0,
        "max_iter": 5
    },
    "tiny swarm size": {
        "base_results_file_path": "results/pso/tss/",
        "swarm_size": 5, 
        "v_max": 100.0,
        "w_inertia": 0.55,
        "w_memory": 0.55,
        "w_neigh": 0.55,
        "k": 5,
        "vel_conv_threshold": 0.001,
        "neighbourhood": 0,
        "max_iter": 5
    },
    "small swarm size": {
        "base_results_file_path": "results/pso/sss/",
        "swarm_size": 10, 
        "v_max": 100.0,
        "w_inertia": 0.55,
        "w_memory": 0.55,
        "w_neigh": 0.55,
        "k": 5,
        "vel_conv_threshold": 0.001,
        "neighbourhood": 0,
        "max_iter": 5
    },
    "medium high swarm size": {
        "base_results_file_path": "results/pso/mhss/",
        "swarm_size": 40, 
        "v_max": 100.0,
        "w_inertia": 0.55,
        "w_memory": 0.55,
        "w_neigh": 0.55,
        "k": 5,
        "vel_conv_threshold": 0.001,
        "neighbourhood": 0,
        "max_iter": 5
    },
    "high swarm size": {
        "base_results_file_path": "results/pso/hss/",
        "swarm_size": 80, 
        "v_max": 100.0,
        "w_inertia": 0.55,
        "w_memory": 0.55,
        "w_neigh": 0.55,
        "k": 5,
        "vel_conv_threshold": 0.001,
        "neighbourhood": 0,
        "max_iter": 5
    },
    "low max velocity": {
        "base_results_file_path": "results/pso/lmv/",
        "swarm_size": 10, 
        "v_max": 10.0,
        "w_inertia": 0.55,
        "w_memory": 0.55,
        "w_neigh": 0.55,
        "k": 5,
        "vel_conv_threshold": 0.001,
        "neighbourhood": 0,
        "max_iter": 5
    },
    "medium max velocity": {
        "base_results_file_path": "results/pso/mmv/",
        "swarm_size": 10, 
        "v_max": 50.0,
        "w_inertia": 0.55,
        "w_memory": 0.55,
        "w_neigh": 0.55,
        "k": 5,
        "vel_conv_threshold": 0.001,
        "neighbourhood": 0,
        "max_iter": 5
    },
    "medium high max velocity": {
        "base_results_file_path": "results/pso/mhmv/",
        "swarm_size": 10, 
        "v_max": 1000.0,
        "w_inertia": 0.55,
        "w_memory": 0.55,
        "w_neigh": 0.55,
        "k": 5,
        "vel_conv_threshold": 0.001,
        "neighbourhood": 0,
        "max_iter": 5
    },
    "high max velocity": {
        "base_results_file_path": "results/pso/hmv/",
        "swarm_size": 10, 
        "v_max": 200.0,
        "w_inertia": 0.55,
        "w_memory": 0.55,
        "w_neigh": 0.55,
        "k": 5,
        "vel_conv_threshold": 0.001,
        "neighbourhood": 0,
        "max_iter": 5
    },
    "lowest inertia weight": {
        "base_results_file_path": "results/pso/lliw/",
        "swarm_size": 20, 
        "v_max": 100.0,
        "w_inertia": 0.05,
        "w_memory": 0.55,
        "w_neigh": 0.55,
        "k": 5,
        "vel_conv_threshold": 0.001,
        "neighbourhood": 0,
        "max_iter": 5
    },
    "low inertia weight": {
        "base_results_file_path": "results/pso/liw/",
        "swarm_size": 20, 
        "v_max": 100.0,
        "w_inertia": 0.25,
        "w_memory": 0.55,
        "w_neigh": 0.55,
        "k": 5,
        "vel_conv_threshold": 0.001,
        "neighbourhood": 0,
        "max_iter": 5
    },
    "medium low inertia weight": {
        "base_results_file_path": "results/pso/mliw/",
        "swarm_size": 20, 
        "v_max": 100.0,
        "w_inertia": 0.45,
        "w_memory": 0.55,
        "w_neigh": 0.55,
        "k": 5,
        "vel_conv_threshold": 0.001,
        "neighbourhood": 0,
        "max_iter": 5
    },
    "medium high inertia weight": {
        "base_results_file_path": "results/pso/mhiw/",
        "swarm_size": 20, 
        "v_max": 100.0,
        "w_inertia": 0.75,
        "w_memory": 0.55,
        "w_neigh": 0.55,
        "k": 5,
        "vel_conv_threshold": 0.001,
        "neighbourhood": 0,
        "max_iter": 5
    },
    "high inertia weight": {
        "base_results_file_path": "results/pso/hiw/",
        "swarm_size": 20, 
        "v_max": 100.0,
        "w_inertia": 0.95,
        "w_memory": 0.55,
        "w_neigh": 0.55,
        "k": 5,
        "vel_conv_threshold": 0.001,
        "neighbourhood": 0,
        "max_iter": 5
    },
    "lowest memory weight": {
        "base_results_file_path": "results/pso/llmw/",
        "swarm_size": 20, 
        "v_max": 100.0,
        "w_inertia": 0.55,
        "w_memory": 0.05,
        "w_neigh": 0.55,
        "k": 5,
        "vel_conv_threshold": 0.001,
        "neighbourhood": 0,
        "max_iter": 5
    },
    "low memory weight": {
        "base_results_file_path": "results/pso/lmw/",
        "swarm_size": 20, 
        "v_max": 100.0,
        "w_inertia": 0.55,
        "w_memory": 0.25,
        "w_neigh": 0.55,
        "k": 5,
        "vel_conv_threshold": 0.001,
        "neighbourhood": 0,
        "max_iter": 5
    },
    "medium low memory weight": {
        "base_results_file_path": "results/pso/mlmmw/",
        "swarm_size": 20, 
        "v_max": 100.0,
        "w_inertia": 0.55,
        "w_memory": 0.45,
        "w_neigh": 0.55,
        "k": 5,
        "vel_conv_threshold": 0.001,
        "neighbourhood": 0,
        "max_iter": 5
    },
    "medium high memory weight": {
        "base_results_file_path": "results/pso/mhmw/",
        "swarm_size": 20, 
        "v_max": 100.0,
        "w_inertia": 0.55,
        "w_memory": 0.75,
        "w_neigh": 0.55,
        "k": 5,
        "vel_conv_threshold": 0.001,
        "neighbourhood": 0,
        "max_iter": 5
    },
    "high memory weight": {
        "base_results_file_path": "results/pso/hmw/",
        "swarm_size": 20, 
        "v_max": 100.0,
        "w_inertia": 0.55,
        "w_memory": 0.95,
        "w_neigh": 0.55,
        "k": 5,
        "vel_conv_threshold": 0.001,
        "neighbourhood": 0,
        "max_iter": 5
    },
    "lowest neighbour weight": {
        "base_results_file_path": "results/pso/llnw/",
        "swarm_size": 20, 
        "v_max": 100.0,
        "w_inertia": 0.55,
        "w_memory": 0.55,
        "w_neigh": 0.05,
        "k": 5,
        "vel_conv_threshold": 0.001,
        "neighbourhood": 0,
        "max_iter": 5
    },
    "low neighbour weight": {
        "base_results_file_path": "results/pso/lnw/",
        "swarm_size": 20, 
        "v_max": 100.0,
        "w_inertia": 0.55,
        "w_memory": 0.55,
        "w_neigh": 0.25,
        "k": 5,
        "vel_conv_threshold": 0.001,
        "neighbourhood": 0,
        "max_iter": 5
    },
    "medium low neighbour weight": {
        "base_results_file_path": "results/pso/mllnw/",
        "swarm_size": 20, 
        "v_max": 100.0,
        "w_inertia": 0.55,
        "w_memory": 0.55,
        "w_neigh": 0.45,
        "k": 5,
        "vel_conv_threshold": 0.001,
        "neighbourhood": 0,
        "max_iter": 5
    },
    "medium high neighbour weight": {
        "base_results_file_path": "results/pso/mhnw/",
        "swarm_size": 20, 
        "v_max": 100.0,
        "w_inertia": 0.55,
        "w_memory": 0.55,
        "w_neigh": 0.75,
        "k": 5,
        "vel_conv_threshold": 0.001,
        "neighbourhood": 0,
        "max_iter": 5
    },
    "high neighbour weight": {
        "base_results_file_path": "results/pso/hnw/",
        "swarm_size": 20, 
        "v_max": 100.0,
        "w_inertia": 0.55,
        "w_memory": 0.55,
        "w_neigh": 0.95,
        "k": 5,
        "vel_conv_threshold": 0.001,
        "neighbourhood": 0,
        "max_iter": 5
    },
    "lowest k": {
        "base_results_file_path": "results/pso/llk/",
        "swarm_size": 20, 
        "v_max": 100.0,
        "w_inertia": 0.55,
        "w_memory": 0.55,
        "w_neigh": 0.55,
        "k": 1,
        "vel_conv_threshold": 0.001,
        "neighbourhood": 0,
        "max_iter": 5
    },
    "low k": {
        "base_results_file_path": "results/pso/lk/",
        "swarm_size": 20, 
        "v_max": 100.0,
        "w_inertia": 0.55,
        "w_memory": 0.55,
        "w_neigh": 0.55,
        "k": 3,
        "vel_conv_threshold": 0.001,
        "neighbourhood": 0,
        "max_iter": 5
    },
    "medium k": {
        "base_results_file_path": "results/pso/mk/",
        "swarm_size": 20, 
        "v_max": 100.0,
        "w_inertia": 0.55,
        "w_memory": 0.55,
        "w_neigh": 0.55,
        "k": 10,
        "vel_conv_threshold": 0.001,
        "neighbourhood": 0,
        "max_iter": 5
    },
    "high k": {
        "base_results_file_path": "results/pso/hk/",
        "swarm_size": 20, 
        "v_max": 100.0,
        "w_inertia": 0.55,
        "w_memory": 0.55,
        "w_neigh": 0.55,
        "k": 15,
        "vel_conv_threshold": 0.001,
        "neighbourhood": 0,
        "max_iter": 5
    },
    "max k": {
        "base_results_file_path": "results/pso/hhk/",
        "swarm_size": 20, 
        "v_max": 100.0,
        "w_inertia": 0.55,
        "w_memory": 0.55,
        "w_neigh": 0.55,
        "k": 20,
        "vel_conv_threshold": 0.001,
        "neighbourhood": 0,
        "max_iter": 5
    },
    "lowest velocity convergence threshold": {
        "base_results_file_path": "results/pso/llvct/",
        "swarm_size": 20, 
        "v_max": 100.0,
        "w_inertia": 0.55,
        "w_memory": 0.55,
        "w_neigh": 0.55,
        "k": 5,
        "vel_conv_threshold": 0.000001,
        "neighbourhood": 0,
        "max_iter": 5
    },
    "low velocity convergence threshold": {
        "base_results_file_path": "results/pso/lvct/",
        "swarm_size": 20, 
        "v_max": 100.0,
        "w_inertia": 0.55,
        "w_memory": 0.55,
        "w_neigh": 0.55,
        "k": 5,
        "vel_conv_threshold": 0.00005,
        "neighbourhood": 0,
        "max_iter": 5
    },
    "medium velocity convergence threshold": {
        "base_results_file_path": "results/pso/mvct/",
        "swarm_size": 20, 
        "v_max": 100.0,
        "w_inertia": 0.55,
        "w_memory": 0.55,
        "w_neigh": 0.55,
        "k": 5,
        "vel_conv_threshold": 0.0005,
        "neighbourhood": 0,
        "max_iter": 5
    },
    "high velocity convergence threshold": {
        "base_results_file_path": "results/pso/hvct/",
        "swarm_size": 20, 
        "v_max": 100.0,
        "w_inertia": 0.55,
        "w_memory": 0.55,
        "w_neigh": 0.55,
        "k": 5,
        "vel_conv_threshold": 0.01,
        "neighbourhood": 0,
        "max_iter": 5
    },
    "lowest max iteration": {
        "base_results_file_path": "results/pso/llmi/",
        "swarm_size": 20, 
        "v_max": 100.0,
        "w_inertia": 0.55,
        "w_memory": 0.55,
        "w_neigh": 0.55,
        "k": 5,
        "vel_conv_threshold": 0.001,
        "neighbourhood": 0,
        "max_iter": 1
    },
    "low max iteration": {
        "base_results_file_path": "results/pso/lmi/",
        "swarm_size": 20, 
        "v_max": 100.0,
        "w_inertia": 0.55,
        "w_memory": 0.55,
        "w_neigh": 0.55,
        "k": 5,
        "vel_conv_threshold": 0.001,
        "neighbourhood": 0,
        "max_iter": 3
    },
    "medium max iteration": {
        "base_results_file_path": "results/pso/mmi/",
        "swarm_size": 20, 
        "v_max": 100.0,
        "w_inertia": 0.55,
        "w_memory": 0.55,
        "w_neigh": 0.55,
        "k": 5,
        "vel_conv_threshold": 0.001,
        "neighbourhood": 0,
        "max_iter": 7
    },
    "high max iteration": {
        "base_results_file_path": "results/pso/hmi/",
        "swarm_size": 20, 
        "v_max": 100.0,
        "w_inertia": 0.55,
        "w_memory": 0.55,
        "w_neigh": 0.55,
        "k": 5,
        "vel_conv_threshold": 0.001,
        "neighbourhood": 0,
        "max_iter": 10
    },
    "max max iteration": {
        "base_results_file_path": "results/pso/mmmi/",
        "swarm_size": 20, 
        "v_max": 100.0,
        "w_inertia": 0.55,
        "w_memory": 0.55,
        "w_neigh": 0.55,
        "k": 5,
        "vel_conv_threshold": 0.001,
        "neighbourhood": 0,
        "max_iter": 30
    }
}